PDBID,CHAIN,REF,POS,ALT,DDG,LABEL
1AIS,A,E,12,A,-1,non-hot spot
1AIS,A,Q,103,A,-0.88,non-hot spot
1AZ0,A,K,38,A,0.7,non-hot spot
1AZ0,A,D,90,A,-2.89,non-hot spot
1BHM,A,E,111,A,-3.3,non-hot spot
1CKT,A,F,37,A,0.4,non-hot spot
1FOS,E,R,143,A,0.27,non-hot spot
1FOS,E,R,144,A,0.92,non-hot spot
1FOS,E,R,146,A,0.04,non-hot spot
1FOS,E,K,148,A,0.17,non-hot spot
1FOS,E,K,153,A,0.17,non-hot spot
1FOS,E,R,155,A,1.04,Hot spot
1FOS,E,R,158,A,0.34,non-hot spot
1FOS,F,R,270,A,0.82,non-hot spot
1FOS,F,R,272,A,0.04,non-hot spot
1HCQ,A,S,15,A,0.55,non-hot spot
1HCQ,A,H,18,A,0.92,non-hot spot
1HCQ,A,Y,19,A,1.22,Hot spot
1HCQ,A,E,25,A,0.84,non-hot spot
1HCQ,A,K,28,A,1.21,Hot spot
1HCQ,A,K,32,A,1.24,Hot spot
1J5N,A,K,22,A,0.7,non-hot spot
1J5N,A,R,23,A,0.6,non-hot spot
1J5N,A,L,25,D,0.9,non-hot spot
1J5N,A,Y,28,A,0.9,non-hot spot
1J5N,A,M,29,A,0.5,non-hot spot
1J5N,A,N,33,A,0.7,non-hot spot
1J5N,A,R,36,A,0.8,non-hot spot
1J5N,A,R,40,A,0.7,non-hot spot
1J5N,A,F,48,A,0.4,non-hot spot
1J5N,A,K,53,A,0.5,non-hot spot
1J5N,A,K,60,A,0.4,non-hot spot
1J5N,A,K,67,A,0.3,non-hot spot
1J5N,A,A,74,D,1.39,Hot spot
1J5N,A,K,78,A,0.4,non-hot spot
1J5N,A,Y,81,A,0.2,non-hot spot
1J5N,A,K,85,A,0.2,non-hot spot
1J5N,A,Y,88,A,0.4,non-hot spot
1JMC,A,R,234,A,2.1,Hot spot
1JMC,A,F,238,A,0.2,non-hot spot
1JMC,A,K,263,A,1,Hot spot
1JMC,A,E,277,A,1.4,Hot spot
1JMC,A,W,361,A,1.1,Hot spot
1JMC,A,R,382,A,1.9,Hot spot
1MHT,A,C,81,A,-0.1,non-hot spot
1MHT,A,V,121,A,3.74,Hot spot
1MHT,A,R,165,A,-0.5,non-hot spot
1QRV,A,L,9,A,0.65,non-hot spot
1QRV,A,M,13,A,1.1,Hot spot
1QRV,A,V,32,A,0.05,non-hot spot
1QZG,A,T,62,A,1.66511,Hot spot
1QZG,A,D,64,A,1.58724,Hot spot
1QZG,A,F,88,A,3.96,Hot spot
1QZG,A,L,122,A,3.14,Hot spot
1QZG,A,S,123,A,0.717722,non-hot spot
2A0I,A,S,3,A,4.15,Hot spot
2A0I,A,R,8,A,1.65455,Hot spot
2A0I,A,K,88,A,5.57,Hot spot
2A0I,A,T,148,A,0.23707,non-hot spot
2A0I,A,S,149,A,3.41,Hot spot
2A0I,A,R,150,A,2.91329,Hot spot
2A0I,A,Q,155,A,2.22615,Hot spot
2A0I,A,E,187,A,2.11746,Hot spot
2A0I,A,K,220,A,0.744823,non-hot spot
2A0I,A,H,221,A,2.82,Hot spot
2A0I,A,M,223,A,2.71688,Hot spot
2A0I,A,R,237,A,4.39,Hot spot
2A0I,A,I,241,A,3.91,Hot spot
2A0I,A,R,242,A,1.13782,Hot spot
2A0I,A,R,254,A,3.17,Hot spot
2A0I,A,K,265,A,1.78584,Hot spot
2MXF,A,R,80,A,1.33823,Hot spot
2MXF,A,K,81,A,0.282962,non-hot spot
2MXF,A,K,97,A,0.296666,non-hot spot
2MXF,A,N,100,A,0.77251,non-hot spot
2MXF,A,K,102,A,0.272472,non-hot spot
2MXF,A,K,105,A,0.622476,non-hot spot
2MXF,A,K,108,A,0.751796,non-hot spot
2VS7,A,D,21,A,0.867711702,non-hot spot
2VS7,A,E,117,A,-1.232108575,non-hot spot
2VYE,A,R,330,A,3.45,Hot spot
2VYE,A,R,332,A,2.88,Hot spot
3GPX,A,M,77,A,0.068894764,non-hot spot
3GPX,A,F,114,A,-0.655249431,non-hot spot
3NH0,A,E,73,A,-0.030204181,non-hot spot
3OD8,A,R,18,A,1.61438811,Hot spot
3OD8,A,R,34,A,1.61438811,Hot spot
3OD8,A,F,44,A,1.61438811,Hot spot
3OD8,A,V,48,A,0.976024458,non-hot spot
3ODC,A,R,122,A,2.597579963,Hot spot
3ODC,A,R,138,A,3.267212078,Hot spot
3ODC,A,L,151,A,0.756938321,non-hot spot
3ODC,A,I,154,A,1.925774793,Hot spot
3OSG,A,K,49,A,3.120438353,Hot spot
3OSG,A,K,51,A,2.333915515,Hot spot
3OSG,A,F,52,A,3.332347694,Hot spot
3OSG,A,R,87,A,2.91638115,Hot spot
3OSG,A,K,138,A,2.00300862,Hot spot
3OSG,A,N,139,A,2.575713472,Hot spot
3PVV,A,K,436,A,2.919401286,Hot spot
3QMG,A,Q,201,A,5,Hot spot
3QMG,A,R,213,A,2.328232953,Hot spot
3QMG,A,Y,216,A,0.677608725,non-hot spot
3SPD,A,H,138,A,0.564013773,non-hot spot
3SPD,A,S,142,A,0.816828641,non-hot spot
3WPC,A,W,47,A,2.086527367,Hot spot
3WPC,A,W,96,A,2.468487109,Hot spot
3WPC,A,F,108,A,2.187646572,Hot spot
4ATK,A,H,209,R,0.539172,non-hot spot
4ATK,A,I,212,N,0.253285,non-hot spot
4HF1,A,S,40,A,1.362507847,Hot spot
4HF1,A,Y,41,A,1.698600836,Hot spot
4HF1,A,E,43,A,0.152565126,non-hot spot
4HF1,A,Q,44,A,0.715896958,non-hot spot
4HF1,A,R,59,A,1.976715914,Hot spot
4L5R,C,N,236,A,0.125037854,non-hot spot
4M9E,A,E,446,A,-1.35040394,non-hot spot
4QJU,A,R,55,A,1.718117506,Hot spot
4QJU,A,R,58,A,0.076501302,non-hot spot
4QJU,A,K,59,A,0.873374483,non-hot spot
4QTJ,A,R,38,A,1.113035894,Hot spot
4QTJ,A,R,65,A,1.113035894,Hot spot
4QTJ,A,S,75,A,1.113035894,Hot spot
4QTJ,A,R,76,A,1.113035894,Hot spot
4QTJ,A,I,77,A,-0.019027588,non-hot spot
4QTJ,A,L,82,A,1.113035894,Hot spot
4QTJ,A,T,208,A,0.257785431,non-hot spot
4QTJ,A,T,210,A,0.553931715,non-hot spot
4R56,A,P,30,A,0.747214618,non-hot spot
4R56,A,K,31,A,0.931879703,non-hot spot
4R56,A,R,33,A,0.171537799,non-hot spot
4R56,A,K,34,A,0.335314669,non-hot spot
4RDU,A,Q,186,H,1.44285,Hot spot
4RKG,A,R,526,A,0.824503276,non-hot spot
4RKG,A,R,543,A,5,Hot spot
4WCG,A,R,258,A,0.158872086,non-hot spot
5CO8,C,D,141,A,0.154657278,non-hot spot
5CO8,C,D,143,A,-0.048004389,non-hot spot
5DFF,A,R,181,A,0.70047293,non-hot spot
5F55,A,Y,80,A,0.544189207,non-hot spot
5F55,A,R,109,A,0.337743423,non-hot spot
5F55,A,Y,114,A,0.814091354,non-hot spot
5F55,A,S,371,A,0.08729589,non-hot spot
5F55,A,R,373,A,0.81443565,non-hot spot
5F55,A,R,393,A,0.095310483,non-hot spot
5F55,A,H,397,A,0.763647066,non-hot spot
5KUB,A,W,109,A,0.267452994,non-hot spot
5KUB,A,W,187,A,-0.187382794,non-hot spot
5SZX,A,S,186,A,7.58E-01,non-hot spot
5T5C,A,R,314,A,-1.060237185,non-hot spot
